	model_name	temperature	max_tokens	word_list	top_p	frequency_penalty	presence_penalty	item_type	creative_scenario
0	gpt-4	1	2048	Samantha, Paris, Lawrence, Dancing	1	0	0	creative_scenario	Samantha, a passionate dancer, found her dreams coming true when she receives an offer to perform at a prestigious theatre in Paris. However, Lawrence, her dear boyfriend who loves her deeply, has always been terrified of flying due to a traumatic event in the past. The thought of flying to Paris for Samantha's performance is tormenting him greatly. Interestingly, Lawrence has always been Samantha's biggest fan and critic, being at every single performance she had ever done. Samantha is torn between the once-in-a-lifetime opportunity of performing in Paris and her fear of causing emotional distress to Lawrence. Overwhelmed by the predicaments, Samantha is at a loss.
1	gpt-4	1	2048	Miko, Library, Nolan, Studying	1	0	0	creative_scenario	Miko, a third-year college student, finds herself in her beloved sanctuary, the university library, drowned in the relentless pursuit of knowledge as her final examinations approach. During this intense period, she unexpectedly stumbles upon her professor, Nolan, who she finds deeply engrossed in what appears to be answer sheets of a yet-to-be conducted exam. Confusion seizes her as she struggles with the morality of this discovery; not only had she unintentionally invaded her professor's privacy, duplicating what she saw could potentially secure an easy pass for her in a subject she had been studying relentlessly for. The gravity of the situation intensifies, knowing it could alter her academic future dramatically. Miko does not know what to do.
2	gpt-4	1	2048	Corinne, Beach, Elijah, Surfing	1	0	0	creative_scenario	Corinne, a middle-aged woman, has recently taken an interest in surfing. Living near the beach, she sees plenty of surfers ride waves every day and it's an activity that seems to offer the thrill she craves. Meanwhile, her lifelong friend, Elijah, is an experienced surfer. However, he had a near-death experience with a predatory shark while surfing a few years ago and was left deeply scarred, developing a paralyzing fear of open waters. He now sees danger where Corinne sees adventure, and his concern for her safety is putting their friendship at risk. Corinne finds herself stuck with the dilemma of pursuing her newfound passion or risking alienating her closest friend. Corinne does not know what to do.
3	gpt-4	1	2048	Ava, Farm, Finn, Gardening	1	0	0	creative_scenario	 Ava worked tirelessly on her small organic farm, a legacy passed down through generations. She was popular among the locals who appreciated her fresh produce and the outstanding quality of her grown goods. When her long-time friend Finn asked for a partnership into the farm business, he brought along ideas of industrialized farming techniques. Techniques that promised growth and profit but at the cost of potentially compromising organic methods Ava passionately adhered to. The farm was Ava's livelihood and heart, the thought of tarnishing its essence with the pressure for profit was heartbreaking yet the fear of possibly losing the farm due to economic instability was terrifying. Lost in the midst of tradition and advancement, Ava does not know what to do.
4	gpt-4	1	2048	Theodore, Gym, Emily, Boxing	1	0	0	creative_scenario	Theodore, a once-competitive boxer, has now settled into life as a high school gym teacher, a job he enjoys despite its lack of thrill. He loves inspiring his students, and is particularly proud of Emily, a quiet girl in his class who shows an uncanny knack for boxing. Theodore sees his younger self in Emily and nurtures her talent, providing the guidance he once received from his own coach. Yet, one day, Emily confides in Theodore that her efforts have been met with bullying and pressure from her peer group, making her consider quitting the sport she loves. This revelation hits Theodore hard, eliciting raw memories of the grueling and lonely journey he undertook during his boxing days. Now, Theodore does not know what to do.
5	gpt-4	1	2048	Ingrid, Office, Trevor, Typing	1	0	0	creative_scenario	Ingrid, a seasoned secretary, shares an office with her colleague Trevor. Every day, Trevor has this stereotypically mundane rhythm of typing on his computer, clicking, and then a sharp sigh of relief. At first, Ingrid brushed it off as one of those office sounds one gets used to. However, over weeks, the rhythm turned from benign background noise to an obnoxious, relentless echo, interfering with her concentration, productivity, and eventually, her peace of mind. It becomes a particularly potent disturbance when Ingrid has piles of paperwork to finish within a tight deadline. She's tried everything from earplugs to music, but nothing completely drowns out Trevor's interminable typing rhythm. The importance of maintaining a cordial office relationship with Trevor makes it sensitive to address such an ostensibly trivial issue. Ingrid does not know what to do.
6	gpt-4	1	2048	Archie, Mountain, Sophie, Hiking	1	0	0	creative_scenario	Archie, an experienced mountaineer, impulsively invites Sophie, a work colleague he secretly admires, for a hike up an impressive mountain peak. Sophie, thrilled by the proposition, fails to conceal her lack of experience and confidence in hiking, but with an infectiously adventurous spirit, she accepts the invitation. During their hike, an unexpected turn of weather catches them off-guard, transforming what should've been a casual trek into a potentially hazardous venture. With visibility plummeting and the path back untraceable, Archie is pelted with a dilemma; he is responsible for Sophie's safety but is uncertain about the path forward. The unfolding situation evokes a daunting resonance in Archie, stirring anxiety and a potent sense of vulnerability. Archie does not know what to do.
7	gpt-4	1	2048	Eunice, Kitchen, Ian, Cooking	1	0	0	creative_scenario	Eunice, a dedicated home chef, finds herself confronted with a challenging dilemma. She's always been the one preparing family meals in her cheerful, sunlit kitchen with an enviable view of the garden. However, her younger brother Ian, who has always shown a nonchalant attitude towards cooking, suddenly expresses an interest in it. Ian begins pursuing a culinary career rapidly gaining fame, recognition, and praise for his natural talent. As Ian's star rises, Eunice's excitement for him starts to wane and she finds herself feeling overshadowed and overshadowed by her brother's sudden success in her domain. Eunice does not know what to do.
8	gpt-4	1	2048	Mateo, Theater, Hazel, Acting	1	0	0	creative_scenario	Mateo is a dedicated, passionate actor who dreams of performing on big stages like Broadway. The theater has been his sanctuary since his teen years - a place where he could escape his mundane existence and embrace any character he desired. Mateo's girlfriend, Hazel, has unfortunately developed a severe case of Anthropophobia - an irrational fear of people or society. This condition causes Hazel immense distress and anxiety; she struggles even going out in public and attending social events. Mateo and Hazel's anniversary is coming up, and his director has offered him to play the lead role in an upcoming performance that day. However, this means Hazel will have to come to the theater filled with hundreds of people - something she might not be able to handle. Mateo is paralyzed by this predicament.
9	gpt-4	1	2048	Garrett, Garage, Luna, Repairing	1	0	0	creative_scenario	Garrett, a thirty-something garage owner in a bustling city, is dealing with a troubling situation: his new employee Luna. Luna, fresh out of a prestigious auto repair school and armed with the latest know-how in modern vehicle technology, is proving to be a wunderkind in the garage, able to identify and repair even the most intricate automotive issues with an ease that surprises even Garrett. However, as Luna's popularity soars because of her exceptional ability, Garrett's long-time customers keep flocking to her, bypassing him entirely. This leaves Garrett feeling inadequate and inferior as he is unable to match Luna's prowess at repairing, despite his years of experience in the field. His garage, once buzzing with his own reputation and accomplishments, is now dominated by Luna's brilliance and he feels his own skills waning in comparison. Caught in this ego-bruising situation, Garrett is unsure about how to proceed.
10	gpt-4	1	2048	Oliver, Library, Emily, Jogging 	1	0	0	creative_scenario	Oliver, a dedicated fitness enthusiast, is used to jogging every morning around his neighborhood, a legacy from his high school track team days. To his surprise, he encounters Emily, the school's introverted bookworm, during the break of dawn in the empty library. Emily is quite the opposite of Oliver, choosing to be surrounded by books over perspiration and panting. One day, Emily confesses that she intends to introduce physical activity to her daily routine, specifically jogging, but is apprehensive about doing it publicly due to her introverted nature. However, a rule in the local library prohibits any form of physical activity, including jogging, within the library premises. This situation leaves Oliver uncertain about how to help Emily begin jogging without violating the library rules.
11	gpt-4	1	2048	Samantha, Diner, George, Painting 	1	0	0	creative_scenario	Samantha is a talented artist trying to make a living in the bustling city. She spends most of her day working at a local diner to make ends meet. One morning when she's at work, she serves an elderly man named George. George is a stern looking regular who always sits at the corner booth, simply sips his coffee and observes his surroundings. Intrigued by his mysterious demeanor, Samantha decides to secretly paint a portrait of George as he sits in the diner. After the painting is completed, Samantha realizes she has unknowingly created the best piece of her career. However, George discovers the lively portrait of himself and is unexpectedly disturbed by this, insisting Samantha has violated his privacy by painting him without his consent. This leaves Samantha in a state of distress as she cherishes the painting, but she has hurt a man she respects. Samantha doesn't know what to do.
12	gpt-4	1	2048	Lucas, Beach, Sarah, Swimming 	1	0	0	creative_scenario	Lucas, an introverted high school student, dreads vacations; but this year, his family decides to spend their summer break at the beach, placing him in an unsettling environment. Lucas definitely isn't comfortable with swimming in public, due to a swimming accident he experienced as a child. Furthermore, Sarah, his crush from school, will be going with his family because she's a close family friend. This trip spells disaster for Lucas: being openly exposed in the beach and swimming, could possibly ruin his confidence and image in front of Sarah. Now, he finds himself trapped in a dilemma that holds great significance for his adolescent heart. Lucas is in a situation he can't navigate.
13	gpt-4	1	2048	Jenna, Ski-Resort, Derek, Dancing 	1	0	0	creative_scenario	Jenna, an amateur figure skater turned professional, is spending her vacation at an upscale ski resort to recharge and reflect on her recent career advancement. Derek, subsequently her long-time boyfriend and a dance choreographer, joins her on this vacation, intending to use this time to practice his new contemporary dances in the spacious venues the resort provides. It is here that an unforeseen dilemma arises. Jenna once had a severe hip injury which has now led to-enforced restrictions on strenuous physical activities like dancing, the same passion that brought Jenna and Derek together. Derek loves to dance and seeing him doing it so carelessly at the resort creates a certain unrest in Jenna as she suppresses her deep longing to dance and protect her professional figure skating career. Jenna does not know what to do.
14	gpt-4	1	2048	Liam, Gym, Amelia, Singing 	1	0	0	creative_scenario	Liam is an up-and-coming singer who has been diligently practicing for his very first concert. Recently, he started going to the local gym to build up his stamina for the performance. Amelia, Liam's high-school sweetheart and a reputable speech therapist, has noticed a significant impact on Liam's voice after his strenuous gym sessions, which she feels might be detrimental to his singing career. Liam is enamored by the confidence he is gaining from working out, but Amelia's concern has made him anxious about his voice, as singing is his greatest passion and dream. Amelia's critical feedback, although well-intended, has painted Liam into an emotional corner, facing an unforeseen quandary in the lead-up to his dream concert. With the day of the performance fast approaching, Liam doesn't know what to do.
15	gpt-4	1	2048	Tyler, Nightclub, Victoria, Cooking 	1	0	0	creative_scenario	Tyler is a professional chef dreaming of owning his own restaurant one day. His partner, Victoria, is an ambitious DJ making waves in the local music scene. Tyler had always thought they would hotly pursue their individual careers in multiple directions. However, recently Victoria presented a tempting business proposition: to combine their passions to open a trendy nightclub that serves gourmet food. She sees it as a lucrative project that could skyrocket their careers simultaneously. Tyler does not deny the practicality of it, but he is worried that combining his love for cooking with an entirely different atmosphere could dilute his passion and rob it of the serenity he finds in a typical restaurant kitchen. He is also worried about the unpredictable crowd and noise that generally comes with a nightclub environment. Tyler does not know what to do.
16	gpt-4	1	2048	Molly, Coffee-Shop, Zack, Studying 	1	0	0	creative_scenario	Molly has been tirelessly studying for her final law exams at her favorite local coffee shop. Zack, Molly’s friendly barista, always pouring her refills and offering encouraging words, unknowingly became her source of comfort amidst the stringent study sessions. Then, on a fateful afternoon, and amid the scent of coffee beans, Zack exposes his desperate situation, revealing that he's struggling to prevent the coffee shop from going bankrupt. The news stuns Molly, her haven is vanishing, and her loyal companion may lose his livelihood. Together the coffee shop and Zack hold an irreplaceable part in Molly's academic journey and personal life yet; the need for her to concentrate on her upcoming exams is equally crucial. Molly is left unsure of her next course of action.
17	gpt-4	1	2048	Brian, Office, Jessica, Arguing 	1	0	0	creative_scenario	Brian, a typically mild-mannered accountant, finds himself in a predicament that he’s never experienced before at his office. He overhears Jessica, the Secretary, who is known for her unyielding honesty and loyalty, engaged in a heated argument with their boss about some discrepancy in the company's financial reports. The argument escalates and Brian, feeling torn, debates whether he should intervene or not - given his role, he could potentially diffuse the situation or make it worse. The whole scenario is extremely distressing for Brian who values peace and harmony in the workplace. His office, once a sanctuary of reliability and order, seems to be quickly morphing into a battlefield. Brian does not know what to do.
18	gpt-4	1	2048	Nina, Park, Martin, Reading 	1	0	0	creative_scenario	Nina, a dedicated librarian in the small town of Westwood, has unexpectedly crossed paths with an old love, Martin, while at Park. As Martin—stories in his eyes—begins to engage her in his tales of adventures, Nina finds herself entranced, lost in the depths of his recollections. However, upon lending him a book, she realizes Martin hasn't been truthful about his love for reading. Multiple overdue notices have been ignored and returned books were never read fully, further unraveled by complaints of his disinterest by co-readers. The dilemma here comes to life through Nina's fond memories of Martin and her deep respect for literature. Nina is left in confusion, questioning her trust in Martin given his apparent disinterest and dishonesty concerning an aspect of life so fundamental to her.
19	gpt-4	1	2048	Laura, Forest, Alex, Exploring	1	0	0	creative_scenario	Laura, a stalwart lover of the natural world, frequently embarks on excursions within the thick groves of the neighbouring Forest, relishing the serenity and solitude it offers. On one of these escapades, she stumbles upon an old treehouse, a nostalgic blast from the past when she and her best friend Alex spent countless hours exploring and cherishing their ardent childhood. However, their friendship soured over a trivial issue in high school, severing their bond completely. Now, years later, Laura finds a note pinned to the treehouse door with Alex's unmistakable handwriting, expressing a dire need for help. Struck by this unexpected revelation, Laura grapples with her past resentment and the mellowed affection she harbours for Alex. With her heart throbbing in anxiety and confusion, Laura truly does not know what to do.
20	gpt-4	1	2048	Liam, Paris, Emily, Running 	1	0	0	creative_scenario	Liam, a cautious and resolute parkour enthusiast, resides in the romantic and bustling city of Paris, where he is popular for his acrobatic feats and daring ascents. One day, while attempting a particularly difficult wall run on the famous Palais de Tokyo, he spots Emily, a childhood friend he hasn't seen for years, dangerously close to oncoming traffic, distracted by her phone. The traffic light has just turned green and vehicles are beginning to accelerate. Liam's heart pounds in his chest as he debates whether to complete his mid-air maneuver, which had been months in the making and now had an audience of hundreds. Emily, oblivious to her perilous position, doesn't apprehend what's about to transpire. Liam does not know what to do.
21	gpt-4	1	2048	Sophia, Beach, Ethan, Swimming 	1	0	0	creative_scenario	Sophia is a young woman who has recently moved to a small coastal town for a new job and is trying to adjust to her new life. Being a lone newcomer, she often feels isolated, spending her weekends alone on the peaceful beach. There, she's been taking up swimming to pass time until she befriends Ethan, a local surfer who is adored by everyone. However, this newfound friendship takes a turn when Ethan, a strong proponent of freedom and risk-taking, challenges Sophia to swim far from shore. Sophia, although a good swimmer, is terrified of deep water as it harbors her darkest fears. Yet, she dreads the thought of disappointing Ethan and losing the only friend she has in this unfamiliar town. Sophia does not know what to do.
22	gpt-4	1	2048	Oliver, Library, Ava, Studying 	1	0	0	creative_scenario	Oliver, a university student, has been tirelessly studying for his finals week in the public library. He has been striving hard to maintain his scholarship, which is hanging by a thread due to his borderline grades. One day, when he is engrossed in his books, he notices Ava, a smart classmate he rarely talks to, copying an essay from the internet in the library. He's aware that Ava has been under immense academic stress lately and is usually an honest, hardworking student. Reporting Ava might get her expelled affecting her academic career severely, but ignoring such grave academic dishonesty by not reporting her could endanger the school's honor codes and policies that he respects. Caught in a moral quandary, Oliver doesn’t know what to do.
23	gpt-4	1	2048	Emma, Cafe, Noah, Writing 	1	0	0	creative_scenario	Emma, an aspiring author, spends most of her time in a cozy but bustling cafe down the street from her apartment, crafting intricate stories she hopes will someday make her a renowned writer. Among the regular patrons of the cafe is Noah, a respected literary critic known for his brutally honest reviews, often resulting in shattered dreams for many beginner authors. Emma considers Noah's opinion significant because she believes his review could either make or break her writing career. However, she also fears the brutal criticism he may provide, worrying it might crush her spirit and discourage her. Unexpectedly, Noah shows interest in Emma's work. He requests her to share her writings with him for a comprehensive review. Emma feels an intense dilemma unfold within her. She doesn't know what to do.
24	gpt-4	1	2048	Mason, Gym, Isabella, Lifting 	1	0	0	creative_scenario	Mason, despite being an introverted book-nerd, has taken up lifting at his local gym in an effort to improve his self-confidence and health. While he succeeds in his primary objective and starts noticing improvements in his physique, he unwittingly catches the attention of Isabella, the outgoing gym instructor. Isabella, having noticed his discipline and progress, develops an admiration towards him and often compliments Mason, making small talk whenever they cross paths. For Mason, Isabella becomes both a motivation and source of anxiety at the gym - a place he would visit to escape his social awkwardness. Now, each visit to the gym is a bittersweet experience, filled with the satisfaction of his progress and the dread of engaging in unfamiliar social interaction. Caught in these unexpected circumstances, Mason finds himself perplexed.
25	gpt-4	1	2048	Aiden, University, Chloe, Graduating 	1	0	0	creative_scenario	Aiden is a devoted student nearing his graduation from university with high honors, the culmination of years of painstaking effort and sacrifice. The world is an ocean of opportunities for him, his dedication having opened numerous doors for career advancement and personal development. One day, his girlfriend Chloe reveals she is pregnant, averting her gaze from the disbelief etched on Aiden's face, a testament to the reality he was not prepared for. His dreams and the life they’ve planned together, including Chloe's ambition to pursue her own degree once Aiden graduates, are suddenly shrouded in uncertainty. Doubt and worry seep into his thoughts, threatening to derail his long-laid plans. Amid balancing his impending responsibilities and the disruption of his and Chloe’s meticulous blueprint for their lives, Aiden does not know what to do.
26	gpt-4	1	2048	Michael, Market, Grace, Shopping 	1	0	0	creative_scenario	Michael is a devoted husband to Grace and he is well-known for his loyalty and dedication within their community. Every weekend, they have a ritual of going to the local market for shopping, which includes buying fresh food items, and things for their home. However, this time while shopping, Michael has discovered that he has lost his job and their tight budget won't allow them to afford the same lifestyle they're used to, specifically their weekend market shopping spree. Despite his predicament, Michael is terrified of breaking the news to Grace, as he knows how much she loves their routine, and also afraid that she might feel insecure about their financial stability. The market, which was a symbol of their harmonious life, has turned into a place of tension for Michael. Michael does not know what to do.
27	gpt-4	1	2048	Ella, Park, Jackson, Painting 	1	0	0	creative_scenario	Ella, a passionate amateur artist, has just finished her first large scale piece. She places her masterpiece in her favorite local Spot, Park's Pizzeria, with the owner, Park's permission. Ella's painting catches the eye of Jackson, a renowned art collector, who is amazed by the painting and wants to purchase it for his collection. Ella was overjoyed that her work was being recognized, but to her shock, Park relayed the news that Jackson, in his enthusiasm, had already sent a large sum of money as payment for the artwork. Ella has just been told that the pizzeria, which she loves and considers to be the heart of the local community, is due to be closed down due to financial difficulties. Ella is tossed into a moral conundrum: accepting Jackson's offer could help save Park's Pizzeria, but it involves selling off what she considers to be her proudest achievement. Embroiled in this situation, Ella does not know what to do.
28	gpt-4	1	2048	Benjamin, Museum, Scarlett, Exploring 	1	0	0	creative_scenario	Benjamin, a security guard at a world-class museum, finds Scarlett, a teenager fond of art, exploring the Private Collections Wing late at night. The wing houses the museum's most valuable items which are not meant for public viewing. Benjamin takes his job seriously and considers it an honor to protect the cultural heritage. Scarlett, like him, shows a profound interest in art but, unlike him, she does not have authorized access to these private collections. Now, Benjamin stares at this young girl, terrified of being caught, and understands her curiosity, but he's bound by his responsibility to maintain security and uphold museum rules. Confronted with a situation that pits his job obligations against his passion for fostering the appreciation of art, Benjamin does not know what to do.
29	gpt-4	1	2048	Hannah, Theater, Samuel, Performing	1	0	0	creative_scenario	Hannah is an accomplished actress who has dreamt of being on the stage since childhood. Her dreams came true when she finally secured the lead role in an upcoming performance at the local Theater. Samuel, her high school sweetheart and now fiancé, has always been exceptionally supportive of her ambitions. But, Samuel has received an offer for a dream job, which requires them to relocate to a different city. The timing of this opportunity coincides with the dates of Hannah's much-awaited performance. If Hannah chooses to stay for the performance, she fears it may strain her relationship with Samuel or possibly result in him declining his career opportunity. Despite the significance her role in the theater carries for her and her career, she fully appreciates how important Samuel's job offer is for their future. Hannah is uncertain of what her next step should be.
30	gpt-4	1	2048	John, Chicago, Lisa, Running	1	0	0	creative_scenario	John, a middle-aged man in Chicago, has spent most of his life avoiding any form of physical exertion due to a past traumatic running accident in his teenage years. However, recent health complications are urging him to incorporate some form of exercise into his routine. On top of this, his estranged daughter, Lisa, a professional marathon runner, has recently moved to Chicago and wants to mend their relationship by offering to be his running coach. The thought of running again fills John with dread, but he recognizes this might be his only chance to rekindle a relationship with Lisa, and maybe even contribute towards his health. Despite the cascading wall of anxiety that running brings him, the thought of further alienating Lisa also tugs at his heartstrings. John does not know what to do.
31	gpt-4	1	2048	Phillip, Office, Emily, Laughing	1	0	0	creative_scenario	Phillip, a diligent payroll manager, takes immense pride in the professionalism he displays within the office environment. He enjoys the respect of his colleagues, allowing him to maintain a valuable sense of authority and credibility. Recently, however, a new employee named Emily has joined the team, displaying a joyful demeanor that occasionally expresses in unrestrained laughter within the office. Phillip fears that Emily's joyful outburst may undermine his perception of a professional environment and potentially erode the respect he worked hard to earn. He values Emily's energy and recognizes that her laughter has been boosting team morale, but he is also apprehensive about the risk to his professional standing. Truly, Phillip does not know what to do.
32	gpt-4	1	2048	Katie, Playground, Mike, Cooking	1	0	0	creative_scenario	Katie is a single mother living in a small town, and her son Mike is her world. Enjoying a carefree afternoon, she watches him play in the playground, his laughter providing a soothing melody to her weary heart. Recently, Katie has been offered a lucrative job opportunity as a chef in a five-star hotel in a city far away from their town. While this job promises financial stability and a better future for her and Mike, it also means longer working hours which implies less time spent with her son. She fears exposing Mike to the loneliness she felt growing up without a mother. The thought of seeing less of Mike's exuberant energy on the playground and not being there to prepare his favorite meals sends a shiver of dread running down Katie's spine. Katie is lost in her thoughts, uncertain of their future.
33	gpt-4	1	2048	Donna, Library, Sam, Reading	1	0	0	creative_scenario	Donna, an introverted librarian, lives for peaceful afternoons spent reading at her workplace, a busy city library. Her tranquility is suddenly disrupted by the daily arrival of Sam, a well-known loud-mouthed local, who visits the library not for the books, but to loudly talk about his interests with the other library-goers. Donna fears him deterring the other library visitors with his antics, as the library is a sanctuary for those wanting some tranquility in their hectic lives. However, Sam is the mayor's son, and opposing him may potentially jeopardize her job, the only solace she finds in her otherwise lonely life. The dilemma weighs heavy on Donna, who loves her job and values the hushed ambiance of the library, but is reluctant to risk it all. Donna does not know what to do.
34	gpt-4	1	2048	Oliver, Garden, Ruby, Hiking	1	0	0	creative_scenario	Oliver had made a plan to spend his day off hiking in the tranquil Garden Valley - a place known for its lush forests full of trails, peaceful streams and remarkable wildlife. It was a chosen retreat from the constant hustle of his city life. However, his longtime neighbor, Ruby, a kind-hearted septuagenarian, has been facing difficulty managing her daily chores since the departure of her part-time helper. Given the profound respect and sense of obligation towards Ruby, he learns from her about her inability to get groceries and maintain her little suburban garden in the face of her condition. Now, he finds himself conflicced; he had anticipated escaping the noise and pressure of daily life but, Ruby's situation is demanding his attention. With this predicament, Oliver does not know what to do.
35	gpt-4	1	2048	Grace, Airport, Alfie, Drawing	1	0	0	creative_scenario	A talented yet undiscovered artist named Grace finds herself stuck at an airport due to a massive snowstorm. With ample time on her hands, she pulls out her sketchbook and begins to draw. As she scans the area for a subject, she finds Alfie, an elderly, intriguing-looking man full of character. Hours go by as she captures the depth of his visage onto her drawing. There's something about Alfie that taps into her creativity like nothing else has before. Just as she finishes her possibly best creation, she learns that Alfie is an art collector known for his ruthlessness in the art world, introducing artists only to later discredit and discard them, hurting their careers. Grace now holds a unique drawing that could significantly shape her career, but it’s work inspired by a man who could potentially destroy it. Grace does not know what to do.
36	gpt-4	1	2048	Maria, Beach, Luis, Swimming	1	0	0	creative_scenario	Maria had long feared the water, but as a mother, she always endeavored to ensure her son, Luis, did not inherit her fears. Choosing to face her phobia, Maria decides they should spend their summer vacation at a nearby buzzing beach where everyone was gleefully swimming and playing in the water. Luis, however, finds he loves the water even more than she'd hoped, and his playful spirit continually drives him to swim farther from shore than she is comfortable with. Maria's heart lurches every time he goes beyond her reach, and the mere thought of not being able to save him, should Luis need help, is a terrifying thought that consumes her. Yet she is also aware of her son's need to explore, his fearless determination, and how he thrives on his playful interactions with the ocean. As the waves crash somewhat ominously one evening, Maria watches Luis paddle deeper, and she doesn't know what to do.
37	gpt-4	1	2048	Brooks, Gym, Brenna, Lifting	1	0	0	creative_scenario	Brooks, a hardworking student who prides himself on being physically fit, joins a local gym. Soon after joining, he notices a woman named Brenna, who struggles with the process of lifting weights. The two form a close friendship, the bond only growing due to Brenna's determination and persistence in learning and growing. However, as time progresses, Brooks begins to notice that Brenna consistently uses improper lifting technique that could potentially cause her significant injury. Brooks understands the importance of proper form, but Brenna is an independent woman who has made it clear that she doesn't appreciate unsolicited advice. This causes Brooks to feel concerned as he might be crossing a line by correcting her, even though his intention is only to keep her away from potential harm. Brooks does not know what to do.
38	gpt-4	1	2048	Talia, Museum, Ronald, Dancing	1	0	0	creative_scenario	Talia is a dedicated museum curator, whose life revolves around the orderly world of preservation and collection. Her work at the city museum, where she has been for nearly a decade, has brought her great satisfaction. However, her world meets an unexpected upheaval when Ronald, an enigmatic visitor with an uncommon obsession for dancing, arrives. Ronald is intent on establishing a performance space within the museum for interpretive dances based on different exhibits. Although this idea is unconventional, it could bring a new crowd and increase museum revenues dramatically. But Talia fears that the traditional charm and quiet reverence of the museum might be lost forever with the inclusion of such performances. Talia does not know what to do.
39	gpt-4	1	2048	Naomi, Cafe, Elliot, Writing	1	0	0	creative_scenario	Naomi is a struggling author who's been working on her debut novel at the local cafe for months. Every day, she observes Elliot, the quiet man who comes in daily, who has become the unintentional inspiration behind the enigmatic protagonist of her book. Through purely observational interactions, she's woven him into her tale so deeply it seems as though he's become a part of it, and there's no extracting him without unraveling the very core of her novel. As she approaches the conclusion of her project, her agent unexpectedly reveals that Elliot is a renowned literary critic, feared and respected for his piercing reviews that can make or break an author's career. Suddenly, Naomi is in a precarious position; her debut novel that could pave her career in literature is intimately tied to a critic whose judgment can determine her future. Naomi does not know what to do.
40	gpt-4	1	2048	Lucas, Paris, Isabella, Dancing	1	0	0	creative_scenario	Lucas, a talented young dancer, has lived and breathed the art of dancing his entire life in the bustling city of Paris. Growing up in a family dedicated to the dance craft, Lucas never envisioned his life without the rhythm and the sway. Isabella, from a similarly illustrious dancing background, is Lucas' dancing partner, their dynamic unique and complementing each other's dancing style perfectly resulting in them being a popular couple on the dance floor. However, Lucas has recently discovered that he has a degenerative condition that will eventually render him unable to dance. Despite his dreams and ambitions of dancing being suddenly halted, the thought of leaving Isabella, who depends on Lucas for their shared career, fills him with dread. Left in a world that seems to be fading away with each passing day, Lucas does not know what to do.
41	gpt-4	1	2048	Emma, Office, Jack, Arguing	1	0	0	creative_scenario	Emma, a dedicated interior designer, works in a bustling office where the constant hum of conversation is the backdrop of her creative process. Working alongside her is Jack, a talented graphic designer whose skills are highly valued, yet is notorious for his caustic personality. Emma finds herself in a quandary when a high-profile client, impressed with their combined works, specifically requests their collaboration for a major project. The problem is, Emma and Jack recently had a heated argument that has frayed their working dynamic. Emma dreads working with Jack again given the current tension but, at the same time, she knows how much value the project will bring to the firm, and their roles, if successful. Emma does not know what to do.
42	gpt-4	1	2048	Oliver, Park, Grace, Running	1	0	0	creative_scenario	"Oliver, a skilled track athlete, lives in a small town where he is recognized for his running prowess. His sincere love for his craft and his pride for his town have always inspired him to perform better. However, today's circumstance is different. Oliver's handicapped sister, Grace, needs a voice-operated communication device for her therapy classes. The only way to acquire it is by winning the town's annual running race in the nearby ""Park"". The dilemma is that Oliver's best friend, who also happens to be the breadwinner of his impoverished family, is competing too and if he wins, the earnings could pull his family out of poverty. Oliver is left in a tough spot, torn between his personal ambition, his sister's need and a jeopardizing a lifeline for his best friend. Oliver does not know what to do."
43	gpt-4	1	2048	Charlotte, Restaurant, William, Chatting	1	0	0	creative_scenario	Charlotte, a restaurant manager, has always been known for her jovial spirit and a knack for friendly conversation. One fine evening, while performing her duties at the restaurant, she noticed William, a usually cheerful regular customer, sitting alone in the corner and looking quite distressed. Confident in her ability to cheer up her customers, Charlotte approached William and initiated casual chat. However, while chatting, she inadvertently discovered a secret about William that she's sure he wouldn't want anyone to know - one that could break his reputation and harm his livelihood. Being a friend and confidante to many, Charlotte is faced with the quandary. She has always been a trustee of secrets, yet what she found might just need intervention. Charlotte does not know what to do.
44	gpt-4	1	2048	Henry, Library, Sophia, Reading	1	0	0	creative_scenario	Henry, a fiercely introverted yet scholarly gentleman, spends most of his available time in the old town's library, buried within the wealth of knowledge held within shared book pages. His tranquility is disrupted when Sophia, a sprightly, talkative girl with a sparkling smile, starts frequenting the same library. She takes an immediate liking to Henry and often nudges him to help her understand the complex theories she is reading. Henry is absorbed in his own world and prefers solitude, but shutting Sophia out seems cruel since she genuinely wants to learn. He loves his quietude but also feels an inexplicable urge to respond to Sophia's unrestrained enthusiasm for knowledge. As the library's silence is punctuated more and more by Sophia's queries, Henry is left in a quandary.
45	gpt-4	1	2048	George, Beach, Alice, Swimming	1	0	0	creative_scenario	George has been living in a snug little coastal town for quite some years. Most important to him, next to his peaceful existence, is his fond friendship with Alice. Together, they love to spend their days unwinding by the beach, usually with a picnic and good books. One day, however, Alice asks George if he would join her in swimming - an activity she had always loved. This request tosses George into an unanticipated predicament considering his long-held untold secret - he suffers from Aquaphobia, an extreme and irrational fear of water. This disclosure might put their friendship at risk and, on the other side, refusing would disappoint Alice. All this heads into a whirlpool of confusion, leaving George, unsure of his next move.
46	gpt-4	1	2048	Amelia, Theater, Benjamin, Acting	1	0	0	creative_scenario	Amelia, a renowned and distinguished actress, has always had her heart in the theater. Popular and acclaimed, she has acted on many of the great stages with the likes of the most prominent actors and the theater is where her fame and reputation lie. Benjamin, her younger brother, suffers from severe stage fright, an intense and crippling fear that has held him back from pursuing his own dreams of acting. In a surprising twist of fate, Benjamin, despite his lack of experience, has been given the opportunity of a lifetime - to act in one of the most prestigious theaters but under one condition - Amelia must step down from her lead role in her current play. Amelia finds herself in a heart-wrenching position, caught between her love for the theater, and its adoring audience, and her love for her brother. Amelia does not know what to do.
47	gpt-4	1	2048	Abigail, Bar, Michael, Drinking	1	0	0	creative_scenario	Abigail, an accomplished attorney, unexpectedly comes across her best friend, Michael, at the local bar. Well known in their small community, Michael is not only a highly respected local pastor but also a role model for many young adults. To her shock, Abigail discovers that Michael has been drinking excessively, beyond what one might deem casual or social. She realizes that Michael is discreetly battling a serious drinking problem that if exposed, could potentially lead to the destruction of his reputation, his career, and even his wholesome influence on their community. Considering their long history of friendship, Abigail struggles to reconcile the image she had of Michael with the one she just discovered. In this predicament, Abigail does not know what to do.
48	gpt-4	1	2048	Lily, Gym, Daniel, Exercising	1	0	0	creative_scenario	Lily, a fitness enthusiast who frequents the local gym, consistently encounters Daniel, an old friend from high school, during her routine workout sessions, each sharing common exercising interests. She appreciates the camaraderie they've recently established and enjoys his company, cherishing the shared memories of their past. However, as time passes, Lily feels an unexpected pang of discomfort bearing the fact that Daniel is no longer the chubby nerd from high school but a well-built man who unknowingly invites several second glances at the gym. Lily is married and loves her husband, yet she is finding herself pulled into a storm of unrequited emotions that neither she seeks nor wants to accept. The ambiguity of these feelings is eating away her peace, disturbing both her focus on fitness and mental well-being. Lily does not know what to do.
49	gpt-4	1	2048	Ella, Classroom, Matthew, Studying	1	0	0	creative_scenario	Ella and Matthew are medical students in the same study group. They regularly meet in the classroom after class hours to study together. Ella, who has always been at the top of their class, experiences her first academic struggle while trying to grasp a complex medical procedure. She is used to depending on her own capabilities but now rises to the challenge by asking Matthew, who seems to effortlessly understand it, for help. Matthew agrees to help, but with the condition that she shifts her focus from the recent romantic advances of someone Matthew is secretly in love with. Ella values her friendship with Matthew and doesn't want to lose him but is stunned by this unexpected condition and the revelation of his secret feelings, especially since she never seen her friend as more than that. Ella does not know what to do.
